{
  "AWSTemplateFormatVersion" : "2010-09-09",
  "Description" : "Supporting elements for the Kinesis Analytics click stream lab",
  "Parameters" : {
    "email": {
      "Description" : "Email address to send anomaly detection events.",
      "Type": "String",
      "ConstraintDescription" : "myemail@example.com"
    },
    "SMS": {
      "Description" : "Mobile Phone number to send SMS anomaly detection events. +1XXXXXXXXXX ",
      "Type": "String",
      "ConstraintDescription" : "##########"
    },
    "Username": {
        "Description": "The username of the user you want to create in Amazon Cognito.",
        "Type": "String",
        "AllowedPattern": "^(?=\\s*\\S).*$",
        "ConstraintDescription": " cannot be empty"
  
      },
    "Password": {
    "Description": "The password of the user you want to create in Amazon Cognito. Must be at least 6 alpha-numeric characters, and contain at least one number",
    "Type": "String",
    "NoEcho": true,
    "AllowedPattern": "^(?=.*[A-Za-z])(?=.*\\d)[A-Za-z\\d]{6,}$",
    "ConstraintDescription": " must be at least 6 alpha-numeric characters, and contain at least one number"
    }
},
 "Metadata": {
    "AWS::CloudFormation::Interface": {
      "ParameterGroups": [
        {
          "Label": {
            "default": "Kinesis Pre Lab set up"
          },
          "Parameters": [
            "Username",
            "Password",
            "email",
            "SMS"
          ]
        }
      ]
    }
  },
  "Resources" : {
    "RawS3Bucket" : {
        "Type" : "AWS::S3::Bucket"
    },
    "ProcessedS3Bucket" : {
        "Type" : "AWS::S3::Bucket"
    },
    "FirehoseDeliveryStream": {
        "Type": "AWS::KinesisFirehose::DeliveryStream",
        "Properties": {
          "S3DestinationConfiguration": {
            "BucketARN": { "Fn::Join" : [ "", [ "arn:aws:s3:::", { "Ref" : "RawS3Bucket" } ] ] },
            "BufferingHints": {
              "IntervalInSeconds": "60",
              "SizeInMBs": "50"
            },
            "CompressionFormat": "GZIP",
            "Prefix": "weblogs/raw/",
            "RoleARN": { "Fn::GetAtt" : ["S3Role", "Arn"] }
          }
        }
    },
    "S3Role" : {
    "Type" : "AWS::IAM::Role",
    "Properties" : {
        "AssumeRolePolicyDocument" : {
        "Version" : "2012-10-17",
        "Statement" : [{
            "Effect" : "Allow",
            "Principal" : { "Service" : "firehose.amazonaws.com" },
            "Action" : "sts:AssumeRole",
            "Condition" : { "StringEquals" : { "sts:ExternalId" : { "Ref" : "AWS::AccountId" } } }
        }]
        },
        "Policies" : [
        {
            "PolicyName" : "S3Access",
            "PolicyDocument" : {
            "Version" : "2012-10-17",
            "Statement" : [{
                "Effect" : "Allow",
                "Action" : [ "s3:*" ],
                "Resource" : [
                    { "Fn::Join" : [ "", [ "arn:aws:s3:::", { "Ref" : "RawS3Bucket" } ] ] },
                    { "Fn::Join" : [ "", [{ "Fn::Join" : [ "", [ "arn:aws:s3:::", { "Ref" : "RawS3Bucket" } ] ] },  "/*" ] ] }
                ]}]
            }
        },
        {
            "PolicyName" : "CloudWatch",
            "PolicyDocument" : {
            "Version" : "2012-10-17",
            "Statement" : [{
                "Effect" : "Allow",
                "Action" : [ "cloudwatch:*",
                            "cloudwatchlogs:*" ],
                "Resource" : ["*"]}]
            }
        }
        ]
    }
    },
    "DataGenCognitoSetupLambdaFunc" : {
        "Type" : "AWS::Lambda::Function",
        "Properties" : {
          "Code": {
            "S3Bucket" : {"Fn::Join": ["", [ "aws-kdg-tools-", {"Ref": "AWS::Region"}]]},
            "S3Key": "datagen-cognito-setup.zip"
          },
          "Description": "Creates a Cognito User Pool, Identity Pool, and a User.  Returns IDs to be used in the Kinesis Data Generator.",
          "FunctionName": "KinesisDataGeneratorCognitoSetup",
          "Handler": "createCognitoPool.createPoolAndUser",
          "Role": { "Fn::GetAtt" : ["CognitoLambdaExecutionRole", "Arn"] },
          "Runtime": "nodejs12.x",
          "Timeout": 60
        }
    },
    "CognitoLambdaExecutionRole": {
    "Type": "AWS::IAM::Role",
    "Properties": {
        "AssumeRolePolicyDocument": {
        "Version": "2012-10-17",
        "Statement": [{ "Effect": "Allow", "Principal": {"Service": ["lambda.amazonaws.com"]}, "Action": ["sts:AssumeRole"] }]
        },
        "Path": "/",
        "Policies": [{
        "PolicyName": "root",
        "PolicyDocument": {
            "Version": "2012-10-17",
            "Statement": [
            {
                "Effect": "Allow",
                "Action": ["logs:*"],
                "Resource": "arn:aws:logs:*:*:*" },
            {
                "Effect": "Allow",
                "Action": [
                "cognito-idp:AdminConfirmSignUp",
                "cognito-idp:CreateUserPoolClient",
                "cognito-idp:AdminCreateUser"
                ],
                "Resource": [
                "arn:aws:cognito-idp:*:*:userpool/*"
                ]
            },
            {
                "Effect": "Allow",
                "Action": [
                "cognito-idp:CreateUserPool",
                "cognito-identity:*"
                ],
                "Resource": "*" },
            {
                "Effect": "Allow",
                "Action": ["iam:UpdateAssumeRolePolicy"],
                "Resource": [
                {"Fn::GetAtt" : ["AuthenticatedUserRole", "Arn"] },
                {"Fn::GetAtt" : ["UnauthenticatedUserRole", "Arn"] }
                ]
            },
            {
                "Effect": "Allow",
                "Action": ["iam:PassRole"],
                "Resource": [
                {"Fn::GetAtt" : ["AuthenticatedUserRole", "Arn"] },
                {"Fn::GetAtt" : ["UnauthenticatedUserRole", "Arn"] }
                ]
            }
            ]
        }
        }]
    }
    },
    "SetupCognitoCustom" : {
    "Type": "Custom::DataGenCognitoSetupLambdaFunc",
    "Properties": {
        "ServiceToken": { "Fn::GetAtt" : ["DataGenCognitoSetupLambdaFunc", "Arn"] },
        "Region": {"Ref": "AWS::Region"},
        "Username": {"Ref": "Username"},
        "Password": {"Ref": "Password"},
        "AuthRoleName": {"Ref": "AuthenticatedUserRole"},
        "AuthRoleArn": { "Fn::GetAtt" : ["AuthenticatedUserRole", "Arn"] },
        "UnauthRoleName": {"Ref": "UnauthenticatedUserRole"},
        "UnauthRoleArn": { "Fn::GetAtt" : ["UnauthenticatedUserRole", "Arn"] }

    }
    },
    "AuthenticatedUserRole": {
    "Type": "AWS::IAM::Role",
    "Properties": {
        "AssumeRolePolicyDocument": {
        "Version": "2012-10-17",
        "Statement": [{ "Effect": "Allow", "Principal": {"Federated": ["cognito-identity.amazonaws.com"]}, "Action": ["sts:AssumeRoleWithWebIdentity"] }]
        },
        "Path": "/",
        "Policies": [{
        "PolicyName": "root",
        "PolicyDocument": {
            "Version": "2012-10-17",
            "Statement": [
            {
                "Action": [
                "kinesis:DescribeStream",
                "kinesis:PutRecord",
                "kinesis:PutRecords"
                ],
                "Resource": [
                "arn:aws:kinesis:*:*:stream/*"
                ],
                "Effect": "Allow"
            },
            {
                "Action": [
                "firehose:DescribeDeliveryStream",
                "firehose:PutRecord",
                "firehose:PutRecordBatch"
                ],
                "Resource": [
                "arn:aws:firehose:*:*:deliverystream/*"
                ],
                "Effect": "Allow"
            },
            {
                "Action": [
                "mobileanalytics:PutEvents",
                "cognito-sync:*",
                "cognito-identity:*",
                "ec2:DescribeRegions",
                "firehose:ListDeliveryStreams",
                "kinesis:ListStreams"
                ],
                "Resource": [
                "*"
                ],
                "Effect": "Allow"
            }
            ]
        }
        }]
    }
    },
    "UnauthenticatedUserRole": {
    "Type": "AWS::IAM::Role",
    "Properties": {
        "AssumeRolePolicyDocument": {
        "Version": "2012-10-17",
        "Statement": [{ "Effect": "Allow", "Principal": {"Federated": ["cognito-identity.amazonaws.com"]}, "Action": ["sts:AssumeRoleWithWebIdentity"] }]
        },
        "Path": "/",
        "Policies": [{
        "PolicyName": "root",
        "PolicyDocument": {
            "Version": "2012-10-17",
            "Statement": [
            {
                "Effect": "Allow",
                "Action": [
                "mobileanalytics:PutEvents",
                "cognito-sync:*"
                ],
                "Resource": [
                "*"
                ]
            }
            ]
        }
        }]
    }
    },
    "CSELambdaSNSPublishRole" : {
      "Type": "AWS::IAM::Role",
      "Properties": {
        "AssumeRolePolicyDocument": {
          "Version" : "2012-10-17",
          "Statement": [ {
            "Effect": "Allow",
            "Principal": {
              "Service": [ "lambda.amazonaws.com" ]
            },
              "Action": [ "sts:AssumeRole" ]
          } ]
        },
        "Policies": [ {
          "PolicyName": "lambda_sns",
            "PolicyDocument": {
              "Version": "2012-10-17",
              "Statement": [ {
                "Effect": "Allow",
                "Action": [
                  "sns:Publish"
                ],
                "Resource": { "Ref" : "CSEClickStreamEvent" }
              } ]
            }
        } ]
      }
    },
    "CSEClickStreamEvent" : {
      "Type" : "AWS::SNS::Topic",
      "Properties" : {
        "DisplayName" : "ClkStrEv2",
        "Subscription" : [ 
          { "Endpoint" : { "Ref" : "email"}, "Protocol" : "email" }, 
          { "Endpoint" : { "Ref" : "SMS"}, "Protocol" : "sms" }
        ],
        "TopicName" : "ClickStreamEvent2"
      }
    },
    "LambdaExecutionRole" : {
      "Type": "AWS::IAM::Role",
      "Properties": {
        "AssumeRolePolicyDocument": {
          "Version" : "2012-10-17",
          "Statement": [ {
            "Effect": "Allow",
            "Principal": {
              "Service": [ "lambda.amazonaws.com" ]
            },
              "Action": [ "sts:AssumeRole" ]
          } ]
        },
        "Policies": [ {
          "PolicyName": "CSELambdaExecutionRole",
            "PolicyDocument": {
              "Version": "2012-10-17",
              "Statement": [{
                "Sid" : "publish2sns",
                "Effect": "Allow",
                "Action": [
                  "sns:Publish"
                ],
                  "Resource": [
                    { "Ref" :  "CSEClickStreamEvent" }
                ]
              },
              {
                "Sid" : "writelogs",
                "Effect": "Allow",
                "Action": [
                  "logs:CreateLogGroup",
                  "logs:CreateLogStream",
                  "logs:PutLogEvents"
                ],
                "Resource": "arn:aws:logs:*:*:*"
              },
              {
                "Sid" : "readkinesis",
                "Effect": "Allow",
                "Action": [
                  "kinesis:DescribeStream",
                  "kinesis:GetRecords",
                  "kinesis:GetShardIterator",
                  "kinesis:ListStreams"
                ],
                "Resource": "*"
              },
              {
                "Action": [
                    "s3:PutObject"
                ],
                "Resource": { "Fn::Join" : [ "", [{ "Fn::Join" : [ "", [ "arn:aws:s3:::", { "Ref" : "ProcessedS3Bucket" } ] ] },  "/*" ] ] },
                "Effect": "Allow",
                "Sid": "writeToS3"
              }]
            }
        }]
      }
    },
    "CSEBeconAnomalyResponse" : {
      "Type" : "AWS::Lambda::Function",
      "Properties" : {
        "Code" :  { 
          "ZipFile":  { "Fn::Join": ["", [
            "var AWS = require('aws-sdk');\n",
            "var sns = new AWS.SNS( { region: \"",
            { "Ref" : "AWS::Region" },
            "\" });\n",
            "var s3 = new AWS.S3();\n",
            "\texports.handler = function(event, context) {\n",
            "\t\tconsole.log(JSON.stringify(event, null, 3));\n",
            "\t\tevent.records.forEach(function(record) {\n",                
            "\t\t\tvar payload = new Buffer(record.data, 'base64').toString('ascii');\n",
            "\t\t\tvar rec = payload.split(',');\n",
            "\t\t\tvar ctr = rec[0];\n",
            "\t\t\tvar anomaly_score = rec[1];\n",
            "\t\t\tvar detail = 'Anomaly detected with a click through rate of ' + ctr + '% and an anomaly score of ' + anomaly_score;\n",
            "\t\t\tvar subject = 'Anomaly Detected';\n",
            "\t\t\tvar SNSparams = {\n",
            "\t\t\t\tMessage: detail,\n",
            "\t\t\t\tMessageStructure: 'String',\n",
            "\t\t\t\tSubject: subject,\n",
            "\t\t\t\tTopicArn: ",
                              "'",
                              { "Ref" : "CSEClickStreamEvent" },
                              "'\n",
                              "\t\t};\n",
            "\t\t\tsns.publish(SNSparams, function(err, data) {\n",
            "\t\t\t\tif (err) context.fail(err.stack);\n",
            "\t\t\t\telse{\n",
            "\t\t\t\t\tvar anomaly = [{\n",
            "\t\t\t\t\t\t'date': Date.now(),\n",
            "\t\t\t\t\t\t'ctr': ctr,\n",
            "\t\t\t\t\t\t'anomaly_score': anomaly_score\n",
            "\t\t\t\t\t}]",
            "\t\t\t\t\t\n",
            "\t\t\t\t\tconvertArrayOfObjectsToCSV({ data: anomaly }, function(err1, data1){\n",
            "\t\t\t\t\t\tif(err1) context.fail(err1.stack); // an error occurred\n",
            "\t\t\t\t\t\telse{\n",
            "\t\t\t\t\t\t\tvar today = new Date();\n",
            "\t\t\t\t\t\t\tvar S3params = {\n",
            "\t\t\t\t\t\t\t\t'Bucket': ",
                                    "'",
                                    { "Ref" : "ProcessedS3Bucket" },
                                    "'",
                                    ",\n",
            "\t\t\t\t\t\t\t\t'Key': `weblogs/processed/${today.getFullYear()}/${today.getMonth()}/${today.getDate()}/${record.recordId}.csv`,\n",
            "\t\t\t\t\t\t\t\t'Body': data1,\n",
            "\t\t\t\t\t\t\t\t'ContentType': 'text/csv'\n",
            "\t\t\t\t\t\t\t}\n",
            "\t\t\t\t\t\t\ts3.putObject(S3params, function(err2, data2) {\n",
            "\t\t\t\t\t\t\t\tif (err2) context.fail(err2.stack); // an error occurred\n",
            "\t\t\t\t\t\t\t\telse     {\n",
            "\t\t\t\t\t\t\t\t\tcontext.succeed('Published Notification');           // successful response\n",
            "\t\t\t\t\t\t\t\t}\n",
            "\t\t\t\t\t\t\t})\n",
            "\t\t\t\t\t\t}\n",
            "\t\t\t\t\t})\n",
            "\t\t\t\t}\n",
            "\t\t\t});\n",
            "\t\t});\n",
            "\t};\n",
            
            "function convertArrayOfObjectsToCSV(args, callback) {\n",
            "\tvar result, ctr, keys, columnDelimiter, lineDelimiter, data;\n",
            "\t\tdata = args.data || null;\n",
            "\t\tif (data == null || !data.length) {\n",
            "\t\t\tcallback(new Error('data is null'));\n",
            "\t\t}",
            "\tcolumnDelimiter = args.columnDelimiter || ',';\n",
            "\tlineDelimiter = args.lineDelimiter || ',';\n",
            "\tkeys = Object.keys(data[0]);\n",
            "\tresult = '';\n",
            "\tresult += keys.join(columnDelimiter);\n",
            "\tresult += lineDelimiter;\n",
            "\tdata.forEach(function(item) {\n",
            "\t\tctr = 0;\n",
            "\t\tkeys.forEach(function(key) {\n",
            "\t\t\tif (ctr > 0) result += columnDelimiter;\n",
            "\t\t\t\tresult += item[key];\n",
            "\t\t\t\t\tctr++;\n",
            "\t\t\t\t});\n",
            "\t\t\tresult += lineDelimiter;\n",
            "\t\t});\n",
            "\t\tcallback(null, result);\n",
            "\t}\n"            
          ]]}
        },
        "Description" : "Click Stream Example Lambda Function",
        "FunctionName" : "CSEBeconAnomalyResponse",
        "Handler" : "index.handler",
        "MemorySize" : 128,
        "Role" :  { "Fn::GetAtt" : [ "LambdaExecutionRole", "Arn" ] } ,
        "Runtime" : "nodejs12.x",
        "Timeout" : 5
      }
    },
    "CSEKinesisAnalyticsRole" : {
      "Type": "AWS::IAM::Role",
      "Properties": {
        "AssumeRolePolicyDocument": {
          "Version" : "2012-10-17",
          "Statement": [ {
            "Effect": "Allow",
            "Principal": {
              "Service": [ "kinesisanalytics.amazonaws.com" ]
            },
              "Action": [ "sts:AssumeRole" ]
          } ]
        },
        "Policies": [{
          "PolicyName": "firehose",
            "PolicyDocument": {
              "Version": "2012-10-17",
              "Statement": [ {
                "Sid": "ReadInputFirehose",
                "Effect": "Allow",
                "Action": [
                  "firehose:DescribeDeliveryStream",
                  "firehose:Get*"
                ],
                "Resource": [
                  { "Fn::GetAtt" : [ "FirehoseDeliveryStream", "Arn" ] }
                ]
              }, 
              {
                "Sid": "UseLambdaFunction",
                "Effect": "Allow",
                "Action": [
                    "lambda:InvokeFunction",
                    "lambda:GetFunctionConfiguration"
                ],
                "Resource": [
                  { "Fn::Join" : [ "", [ { "Fn::GetAtt" : [ "CSEBeconAnomalyResponse", "Arn" ]},  ":$LATEST" ]] }
                ]
            }
            ]
            }
        } ]
      }
    }
  },
  "Outputs" :{
    "KinesisDataGeneratorUrl": {
        "Description": "The URL for your Kinesis Data Generator.",
        "Value": {
          "Fn::Join": ["", ["https://awslabs.github.io/amazon-kinesis-data-generator/web/producer.html?", { "Fn::GetAtt": [ "SetupCognitoCustom", "Querystring" ] }]]
        }
      },
    "RawBucketName" : {
		"Description" : "This the bucket name of where your Raw data will be store at" ,
		"Value" : { 
            "Ref" : "RawS3Bucket"
        }
    },
    "ProcessedBucketName" : {
		"Description" : "This the bucket name of where your Processed data will be store at" ,
		"Value" : { 
            "Ref" : "ProcessedS3Bucket"
        }
    }
  }
}
